{
  "base": {
    "helpfulness": {
      "mean": 1.88,
      "std": 1.2106196760337244,
      "median": 1.0
    },
    "verbosity": {
      "mean": 2.36,
      "std": 1.1092339699089637,
      "median": 2.0
    },
    "distinctiveness": {
      "mean": 1.5,
      "std": 0.7,
      "median": 1.0
    },
    "quality": {
      "mean": 1.68,
      "std": 1.0476640682967036,
      "median": 1.0
    }
  },
  "individual_gemma_2b": {
    "helpfulness": {
      "mean": 1.82,
      "std": 1.1435033887138244,
      "median": 1.0
    },
    "verbosity": {
      "mean": 2.34,
      "std": 1.1244554237496478,
      "median": 2.0
    },
    "distinctiveness": {
      "mean": 1.44,
      "std": 0.6053098380168622,
      "median": 1.0
    },
    "quality": {
      "mean": 1.66,
      "std": 0.9509994742374993,
      "median": 1.0
    }
  },
  "individual_beaver_7b": {
    "helpfulness": {
      "mean": 1.48,
      "std": 0.8772684879784524,
      "median": 1.0
    },
    "verbosity": {
      "mean": 2.1,
      "std": 1.1704699910719625,
      "median": 2.0
    },
    "distinctiveness": {
      "mean": 1.3,
      "std": 0.49999999999999994,
      "median": 1.0
    },
    "quality": {
      "mean": 1.4,
      "std": 0.7211102550927979,
      "median": 1.0
    }
  },
  "individual_oasst_deberta_v3": {
    "helpfulness": {
      "mean": 1.9,
      "std": 1.1,
      "median": 1.0
    },
    "verbosity": {
      "mean": 2.4,
      "std": 1.0392304845413265,
      "median": 2.0
    },
    "distinctiveness": {
      "mean": 1.46,
      "std": 0.6069596362197407,
      "median": 1.0
    },
    "quality": {
      "mean": 1.76,
      "std": 0.9499473669630334,
      "median": 1.0
    }
  },
  "aggregate": {
    "helpfulness": {
      "mean": 2.18,
      "std": 1.2757742747053649,
      "median": 2.0
    },
    "verbosity": {
      "mean": 2.64,
      "std": 1.109233969908964,
      "median": 2.5
    },
    "distinctiveness": {
      "mean": 1.64,
      "std": 0.6248199740725323,
      "median": 2.0
    },
    "quality": {
      "mean": 1.88,
      "std": 0.9927738916792685,
      "median": 2.0
    }
  }
}